h,k,l,j,i,intensity_exp,intensity_exp_err,intensity_sim,percentage_diff,,,,
-2.666666667,1,12,,,0.171926197,0,0.14089164,1363.3014416714514,,,,blue  = poor refit
-2,1.666666667,12,,,0.439087123,0,0.12974909,427.64794004916166,,,,red = remove a fig
0,1.666666667,12,,,0.186028182,0,0.05081054,387.7145160127344,,,,yellow+ refitted
-4,1.666666667,12,,,0.545737088,0,0.08202196,168.37205902019318,,,,
-0.333333333,2,12,,,0.142747902,0,0.04968842,521.5500308658252,,,,
-3.666666667,2,12,,,0.233003536,0,0.06858256,425.58358279901984,,,,
-0.666666667,2,12,,,0.319344784,0,0.08744683,388.9617405008329,,,,
-4,2.333333333,12,,,0.448824233,0,0.1085369,331.8090512,,,,
-3,2.666666667,12,,,0.419535974,0,0.13354407,468.38948987556427,,,,
-0.333333333,3,12,,,0.201309283,0,0.19980478,1672.2815101915785,,,,
-1.333333333,3,12,,,0.748530513,0,0.09629912,129.72244782954178,,,,
-3,3.333333333,12,,,0.414985791,0,0.12427629,434.74369731567793,,,,
-1,3.333333333,12,,,0.888582469,0,0.19936486,300.62817746393813,,,,
-2,3.666666667,12,,,0.197063826,0,0.22582375,1946.2247105596316,,,,
-1,3.666666667,12,,,0.308372043,0,0.13396649,675.7321855,,,,
0,3.666666667,12,,,0.441535381,0,0.049856137,101.62470649596031,,,,
-1.666666667,4,12,,,0.200904342,0,0.03253698,189.18685146432966,,,,
-0.666666667,1,9,,,0.140088948,0,0.1377527,1655.8477899301324,,,,
-0.333333333,1,9,,,0.824169038,0,0.14688851,218.2454162300827,,,,
-4,1.666666667,9,,,0.545737088,0,0.086795405,183.9905518192833,,,,
-2,1.666666667,9,,,0.439087123,0,0.049745165,102.29763342123972,,,,
-4,2.333333333,9,,,0.448824233,0,0.066845536,165.9418853667237,,,,
-4,2.666666667,9,,,0.540791664,0,0.09832996,224.67324978255579,,,,
-2,2.666666667,9,,,0.905648597,0,0.15459226,204.8025935677878,,,,
-1.333333333,3,9,,,0.748530513,0,0.14472932,245.25313462845114,,,,
-4,3.333333333,9,,,0.6766088,0,0.097222544,156.57832709236413,,,,
-3,3.333333333,9,,,0.414985791,0,0.050641388,117.90289494584216,,,,
-1,3.666666667,9,,,0.308372043,0,0.051620863,198.91030940955915,,,,
-2,4.333333333,9,,,0.157599457,0,0.031080484,252.1467552424911,,,,
-3,4.333333333,9,,,0.363397926,0,0.05133534,152.24618951705685,,,,
-2,4.666666667,9,,,0.203462602,0,0.07680555,574.0600998046885,,,,
0,4.666666667,9,,,0.133955923,0,0.029274689,290.23030897607936,,,,
-3.666666667,1,6,,,0.245081375,0,0.16278362,1086.0173158084904,,,,
-0.333333333,1,6,,,0.431415783,0,0.117696434,387.1446137739295,,,,
-0.666666667,1,6,,,0.957794288,0,0.21989924,309.9605893152422,,,,
-2,1.333333333,6,,,0.709814527,0,0.1882034,373.4489930476736,,,,
-4,1.666666667,6,,,1.527554095,0,0.17612123,105.87601433123397,,,,
-2.666666667,2,6,,,0.479308185,0,0.15258884,468.4582414024826,,,,
-4.666666667,2,6,,,1.191671837,0,0.20394668,205.59805970956452,,,,
-3,2.666666667,6,,,0.923803921,0,0.25266755,388.3827213,,,,
-1,2.666666667,6,,,2.417310357,0,0.4328475,219.7371718471187,,,,
-0.666666667,3,6,,,0.20032721,0,0.1472959,1212.9293736652498,,,,
-4.666666667,3,6,,,0.889415512,0,0.24056697,382.97196871699737,,,,
-4,3.333333333,6,,,0.251263795,0,0.054247398,285.5135300204574,,,,
0,3.333333333,6,,,0.428622312,0,0.07935278,230.58108934816178,,,,
0,3.666666667,6,,,0.717965368,0,0.18876098,369.46082571600175,,,,
-2,3.666666667,6,,,0.928268347,0,0.18372653,253.41824815349833,,,,
-1,3.666666667,6,,,0.536418938,0,0.06125819,103.91570870928264,,,,
-3.666666667,4,6,,,0.660655489,0,0.124583274,236.72496859084765,,,,
-0.333333333,4,6,,,0.469893027,0,0.06279639,138.63070110027112,,,,
-4.333333333,4,6,,,1.169198164,0,0.13213359,101.79747723638577,,,,
-2,4.333333333,6,,,0.494045565,0,0.092721865,235.12419209093642,,,,
-1,4.333333333,6,,,0.285143375,0,0.04316233,170.29140362506035,,,,
0,4.333333333,6,,,0.766159855,0,0.09578207,123.23149168077674,,,,
0,4.666666667,6,,,0.103148809,0,0.03155349,446.2277847354537,,,,
-1,4.666666667,6,,,0.285901446,0,0.055419724,246.12951937895127,,,,
-3,4.666666667,6,,,0.443512299,0,0.078713186,216.9074531051034,,,,
-0.333333333,1,3,,,0.039809078,0,0.1793025,7942.569955,,,,
-2.666666667,1,3,,,0.74236737,0,0.22311175,436.65378153233434,,,,
-2,1.666666667,3,,,0.405643509,0,0.22859675,906.2737499323331,,,,
-4,1.666666667,3,,,0.213630444,0,0.09059335,657.2230394533053,,,,
0,1.666666667,3,,,0.562353881,0,0.23463853,645.0411426870935,,,,
-0.333333333,2,3,,,0.353184896,0,0.20163186,919.407115,,,,
-0.666666667,2,3,,,0.704646195,0,0.3288232,733.2627748,,,,
-4.666666667,2,3,,,3.700980715,0,0.44708386,115.70628492421847,,,,
-4,2.333333333,3,,,0.579412876,0,0.10596104,226.54925508917057,,,,
-3,2.666666667,3,,,0.121087925,0,0.05556257,719.3550245829892,,,,
-4,2.666666667,3,,,0.868600551,0,0.14496398,198.00985847896257,,,,
-0.666666667,3,3,,,0.167117669,0,0.10810436,1055.0784478570404,,,,
-4.666666667,3,3,,,0.227938874,0,0.091461174,616.4881341268954,,,,
-2.666666667,3,3,,,0.164650014,0,0.053185277,476.7933960925749,,,,
-0.333333333,3,3,,,0.213957204,0,0.06672036,456.82931150401026,,,,
-3.666666667,3,3,,,1.96363062,0,0.26624554,142.1102526963719,,,,
-3,3.666666667,3,,,0.635468282,0,0.1399798,293.3345555824987,,,,
-1,3.666666667,3,,,0.680400291,0,0.14025645,268.08572815214114,,,,
-4.666666667,4,3,,,0.303584215,0,0.17271085,915.8534646119778,,,,
-0.333333333,4,3,,,0.095100626,0,0.030260023,468.16765011015787,,,,
-2.666666667,4,3,,,0.662677433,0,0.13717616,269.6298841420344,,,,
-4,4.333333333,3,,,0.12399834,0,0.06555274,843.9861354722884,,,,
-2,4.333333333,3,,,0.317685817,0,0.04494221,152.60808148519692,,,,
-4,4.666666667,3,,,0.1311093,0,0.07328743,898.1288433271301,,,,
-1,4.666666667,3,,,0.073882651,0,0.027906997,574.4678670310977,,,,
-3.666666667,1,0,,,0.373669587,0,0.1928204,821.4162255660808,,,,
-0.666666667,1,0,,,2.780073758,0,0.50182784,222.32133863188838,,,,
-0.333333333,1,0,,,1.541749315,0,0.21924175,153.92188354060454,,,,
-2.666666667,2,0,,,1.44787307,0,0.28258112,248.5004004536458,,,,
-0.333333333,2,0,,,2.543871337,0,0.4740671,232.76320301054832,,,,
-1,2.333333333,0,,,2.7543162,0,0.42269012,174.03051842996987,,,,
-2,2.666666667,0,,,0.181981114,0,0.23932335,2248.2772918181104,,,,
-1,2.666666667,0,,,2.810634694,0,0.524697,233.34566499473252,,,,
-4.666666667,3,0,,,1.00209172,0,0.18018529,221.07203728120152,,,,
-2.333333333,3,0,,,1.52117944,0,0.1801795,111.50253403546732,,,,
-2,3.333333333,0,,,0.374826558,0,0.1990221,848.1162207321463,,,,
-4,3.333333333,0,,,0.232890712,0,0.08428457,546.2291103199478,,,,
-2,3.666666667,0,,,0.570801023,0,0.3568458,1016.3142556874308,,,,
-4,3.666666667,0,,,0.55423219,0,0.23719825,664.2058539226603,,,,
-3.666666667,4,0,,,0.288525656,0,0.18700899,1057.3605644658835,,,,
-3.333333333,4,0,,,0.351300143,0,0.17277823,778.2159737761377,,,,
-4.333333333,4,0,,,0.830277448,0,0.27149034,483.8775282693607,,,,
-2,4.333333333,0,,,0.474521456,0,0.29266414,1001.2965712417337,,,,
-3,4.333333333,0,,,0.328551358,0,0.13668665,642.8711138626497,,,,
,,,,,,,,,,,,
,,,,,,,,,,,,
,,,,,,,,,,,,
,,,,,,,,,,,,
,,,,,,,,,,,,
,,,,,,,,,,,,
,,,,,,,,,,,,
,,,,,,,,,,,,
,,,,,,,,,,,,
,,,,,,,,,,,,
,,,,,,,,,,,,
,,,,,,,,,,,,
,,,,,,,,,,,,
,,,,,,,,,,,,
,,,,,,,,,,,,
,,,,,,,,,,,,
,,,,,,,,,,,,
,,,,,,,,,,,,
,,,,,,,,,,,,
,,,,,,,,,,,,
,,,,,,,,,,,,
,,,,,,,,,,,,
,,,,,,,,,,,,
,,,,,,,,,,,,
,,,,,,,,,,,,
,,,,,,,,,,,,
,,,,,,,,,,,,
,,,,,,,,,,,,
,,,,,,,,,,,,
,,,,,,,,,,,,
,,,,,,,,,,,,
,,,,,,,,,,,,
,,,,,,,,,,,,
,,,,,,,,,,,,
,,,,,,,,,,,,
,,,,,,,,,,,,
,,,,,,,,,,,,
,,,,,,,,,,,,
,,,,,,,,,,,,
,,,,,,,,,,,,
,,,,,,,,,,,,
,,,,,,,,,,,,
,,,,,,,,,,,,
,,,,,,,,,,,,
,,,,,,,,,,,,
,,,,,,,,,,,,
,,,,,,,,,,,,
,,,,,,,,,,,,
,,,,,,,,,,,,
,,,,,,,,,,,,
,,,,,,,,,,,,
,,,,,,,,,,,,
,,,,,,,,,,,,
,,,,,,,,,,,,
,,,,,,,,,,,,
,,,,,,,,,,,,
,,,,,,,,,,,,
,,,,,,,,,,,,
,,,,,,,,,,,,
,,,,,,,,,,,,
,,,,,,,,,,,,
,,,,,,,,,,,,
,,,,,,,,,,,,
,,,,,,,,,,,,
,,,,,,,,,,,,
,,,,,,,,,,,,
,,,,,,,,,,,,
,,,,,,,,,,,,
,,,,,,,,,,,,
,,,,,,,,,,,,
,,,,,,,,,,,,
,,,,,,,,,,,,
,,,,,,,,,,,,
,,,,,,,,,,,,
,,,,,,,,,,,,
,,,,,,,,,,,,
,,,,,,,,,,,,
,,,,,,,,,,,,
,,,,,,,,,,,,
,,,,,,,,,,,,
,,,,,,,,,,,,
,,,,,,,,,,,,
,,,,,,,,,,,,
,,,,,,,,,,,,
,,,,,,,,,,,,
,,,,,,,,,,,,
,,,,,,,,,,,,
,,,,,,,,,,,,
,,,,,,,,,,,,
,,,,,,,,,,,,
,,,,,,,,,,,,
,,,,,,,,,,,,
,,,,,,,,,,,,
,,,,,,,,,,,,
,,,,,,,,,,,,
,,,,,,,,,,,,
,,,,,,,,,,,,
,,,,,,,,,,,,
,,,,,,,,,,,,
,,,,,,,,,,,,
,,,,,,,,,,,,
,,,,,,,,,,,,
,,,,,,,,,,,,
,,,,,,,,,,,,
,,,,,,,,,,,,
,,,,,,,,,,,,
,,,,,,,,,,,,
,,,,,,,,,,,,
,,,,,,,,,,,,
,,,,,,,,,,,,
,,,,,,,,,,,,
,,,,,,,,,,,,
,,,,,,,,,,,,
,,,,,,,,,,,,
,,,,,,,,,,,,
,,,,,,,,,,,,
,,,,,,,,,,,,
,,,,,,,,,,,,
,,,,,,,,,,,,
,,,,,,,,,,,,
,,,,,,,,,,,,
,,,,,,,,,,,,
,,,,,,,,,,,,
,,,,,,,,,,,,
,,,,,,,,,,,,
,,,,,,,,,,,,
,,,,,,,,,,,,
,,,,,,,,,,,,
,,,,,,,,,,,,
,,,,,,,,,,,,
,,,,,,,,,,,,
,,,,,,,,,,,,
,,,,,,,,,,,,
,,,,,,,,,,,,
,,,,,,,,,,,,
,,,,,,,,,,,,
,,,,,,,,,,,,
,,,,,,,,,,,,
,,,,,,,,,,,,
,,,,,,,,,,,,
,,,,,,,,,,,,
,,,,,,,,,,,,
,,,,,,,,,,,,
,,,,,,,,,,,,
,,,,,,,,,,,,
,,,,,,,,,,,,
,,,,,,,,,,,,
,,,,,,,,,,,,
,,,,,,,,,,,,
,,,,,,,,,,,,
,,,,,,,,,,,,
,,,,,,,,,,,,
,,,,,,,,,,,,
,,,,,,,,,,,,
,,,,,,,,,,,,
,,,,,,,,,,,,
,,,,,,,,,,,,
,,,,,,,,,,,,
,,,,,,,,,,,,
,,,,,,,,,,,,
,,,,,,,,,,,,
,,,,,,,,,,,,
,,,,,,,,,,,,
,,,,,,,,,,,,
,,,,,,,,,,,,
,,,,,,,,,,,,
,,,,,,,,,,,,
,,,,,,,,,,,,
,,,,,,,,,,,,
,,,,,,,,,,,,
,,,,,,,,,,,,
,,,,,,,,,,,,
,,,,,,,,,,,,
,,,,,,,,,,,,
,,,,,,,,,,,,
,,,,,,,,,,,,
,,,,,,,,,,,,
,,,,,,,,,,,,
,,,,,,,,,,,,
,,,,,,,,,,,,
,,,,,,,,,,,,
,,,,,,,,,,,,
,,,,,,,,,,,,
,,,,,,,,,,,,
,,,,,,,,,,,,
,,,,,,,,,,,,
,,,,,,,,,,,,
,,,,,,,,,,,,
,,,,,,,,,,,,
